{
	"version": "2.0.0",
	"tasks": [
		{
			"type": "shell",
			"label": "C/C++: g++.exe build active file",
			"command": "C:\\msys64\\mingw64\\bin\\g++.exe",
			"args": [
					"-g2",
					"-O3",
					"${file}",
					"-o",
					"${fileDirname}\\${fileBasenameNoExtension}.exe",
					"-pthread",
					"-DNDEBUG",
					"-D_WIN32_WINNT=0x0501",
					"-L${workspaceFolder}\\lib",
					"-l:libcryptopp.a",
					"-I${workspaceFolder}\\include",
					"-Wall"
			],
			"options": {
				"cwd": "${fileDirname}"
			},
			"problemMatcher": [
				"$gcc"
			],
			"group": "build",
			"detail": "compiler: C:\\msys64\\mingw64\\bin\\g++.exe"
		}
	]
}